SNP	Allele1	Allele2	Effect	StdErr	P.value	Direction	HetISq	HetChiSq	HetDf	HetPVal	OR_final	CHR	BP	OR	P	ASSO_GENE
rs6500537	a	g	-0.0727	0.019	0.0001296	--	42.4	1.737	1	0.1876	0.929879752111021	16	89196208	0.9029	0.0005018	DPEP1
rs12926888	a	g	0.0613	0.0161	0.0001437	++	17.7	1.215	1	0.2704	1.06321783169669	16	89265466	0.9221	0.0007716	DPEP1
rs11652554	t	c	-0.0627	0.0178	0.0004434	--	46.4	1.867	1	0.1719	0.939225198987922	17	4338964	0.918	0.0004725	ALOX15
rs12598250	a	g	0.059	0.0184	0.001334	++	48.5	1.942	1	0.1635	1.06077524074016	16	89231051	0.9148	0.001668	DPEP1
